8932848,336,HYMR,2024-09-30,2024-10-06,2024-09-30,35431846,ANTIS BOTOL JASMINE TEA SPRAY 55ml,24,12,2
8932848,336,HYMR,2024-09-30,2024-10-06,2024-09-30,35611053,ANTIS HS JASMINE TEA POUCH 200ML,48,24,2
8932848,336,HYMR,2024-09-30,2024-10-06,2024-09-30,35704140,ANTIS BOTOL JERUK NIPIS SPRAY 55ml,12,12,1
8932848,336,HYMR,2024-09-30,2024-10-06,2024-09-30,35705372,SOFFELL KOREAN SUMMER 60ML,12,12,1
8932848,336,HYMR,2024-09-30,2024-10-06,2024-09-30,35708995,ANTIS BOTOL JERUK NIPIS 60ml,288,144,2
8932848,336,HYMR,2024-09-30,2024-10-06,2024-09-30,35803622,KISPRAY AMORIS POUCH 280 ML,48,24,2
8932848,336,HYMR,2024-09-30,2024-10-06,2024-09-30,35803631,KISPRAY BLUIS POUCH 280 ML,48,24,2
8932848,336,HYMR,2024-09-30,2024-10-06,2024-09-30,35803640,KISPRAY SEGERIS POUCH 280 ML,24,24,1
8932848,336,HYMR,2024-09-30,2024-10-06,2024-09-30,35803659,KISPRAY VIOLET POUCH 280 ML,72,24,3
8932848,336,HYMR,2024-09-30,2024-10-06,2024-09-30,35810865,KISPRAY GLAMOROUS GOLD PCH 280 ML,96,24,4
8932848,336,HYMR,2024-09-30,2024-10-06,2024-09-30,35810874,KISPRAY GLAMOROUS GOLD BTL 318ml,24,24,1
8932848,336,HYMR,2024-09-30,2024-10-06,2024-09-30,35819526,KISPRAY SEGARIS BOX ISI 4X21 ML,12,12,1
8932848,336,HYMR,2024-09-30,2024-10-06,2024-09-30,35819535,KISPRAY AMORIST BOX ISI 4X21 ML,12,12,1
8932848,336,HYMR,2024-09-30,2024-10-06,2024-09-30,35822825,KISPRAY BLUIS BOX ISI 4X21 ML,12,12,1
8932848,336,HYMR,2024-09-30,2024-10-06,2024-09-30,35823477,KISPRAY VIOLET BOX ISI 4X21 ML,24,12,2
8932848,336,HYMR,2024-09-30,2024-10-06,2024-09-30,35823888,FORCE MAGIC FRESH LEMON 600ml,12,12,1
